variant,seed,final_x,final_y,final_distance,closest_distance,distance_from_start,angle_deg
annealed_mutation,1,0.9725,0.0187,0.0333,0.0333,0.9741,1.0
annealed_mutation,2,1.0008,0.0003,0.0009,0.0009,1.0036,0.0
annealed_mutation,3,0.6285,-0.0969,0.3839,0.3839,0.6516,-11.0
annealed_mutation,4,0.7809,-0.0958,0.2391,0.2391,0.7993,-8.0
annealed_mutation,5,0.4305,0.0663,0.5733,0.5733,0.4306,3.1
annealed_mutation,6,0.9557,-0.0413,0.0606,0.0606,0.9627,-2.6
annealed_mutation,7,0.9257,0.0289,0.0797,0.0797,0.9269,1.4
annealed_mutation,8,0.8047,0.0203,0.1964,0.1964,0.8065,0.4
annealed_mutation,9,0.7761,0.0053,0.2240,0.2240,0.7792,-0.8
annealed_mutation,10,1.0003,-0.0004,0.0005,0.0005,1.0031,-0.0
annealed_mutation,11,0.9959,0.0021,0.0047,0.0047,0.9985,0.1
annealed_mutation,12,0.5274,0.0642,0.4769,0.4769,0.5275,3.1
annealed_mutation,13,0.5330,0.0895,0.4755,0.4755,0.5332,5.8
annealed_mutation,14,0.3270,-0.0086,0.6730,0.6730,0.3375,-10.0
annealed_mutation,15,0.3072,0.1959,0.7199,0.7199,0.3302,25.8
annealed_mutation,16,0.8355,0.0470,0.1711,0.1711,0.8360,2.4
annealed_mutation,17,0.9915,0.0027,0.0089,0.0089,0.9942,0.1
annealed_mutation,18,0.8974,-0.0330,0.1078,0.1078,0.9039,-2.6
annealed_mutation,19,0.7551,0.0510,0.2502,0.2502,0.7555,2.5
annealed_mutation,20,0.8579,0.0476,0.1499,0.1499,0.8583,2.5
self_adaptive,1,0.8156,-0.0172,0.1852,0.1852,0.8208,-2.2
self_adaptive,2,0.9147,-0.0133,0.0863,0.0863,0.9189,-1.2
self_adaptive,3,0.9901,0.0032,0.0103,0.0103,0.9928,0.1
self_adaptive,4,0.6652,0.1220,0.3563,0.3563,0.6669,8.3
self_adaptive,5,0.9139,-0.0051,0.0862,0.0862,0.9174,-0.7
self_adaptive,6,0.9878,-0.0424,0.0441,0.0441,0.9948,-2.5
self_adaptive,7,0.9956,-0.0004,0.0044,0.0044,0.9985,-0.0
self_adaptive,8,0.9985,0.0022,0.0027,0.0027,1.0012,0.1
self_adaptive,9,0.7575,-0.0723,0.2530,0.2530,0.7717,-6.7
self_adaptive,10,0.7396,0.0120,0.2607,0.2607,0.7423,-0.6
self_adaptive,11,0.4440,-0.0802,0.5618,0.5618,0.4703,-15.0
self_adaptive,12,0.6460,-0.0623,0.3594,0.3594,0.6604,-7.7
self_adaptive,13,0.8384,0.0271,0.1638,0.1638,0.8398,1.0
self_adaptive,14,0.9265,-0.0747,0.1048,0.1048,0.9385,-4.9
self_adaptive,15,0.9832,-0.0164,0.0234,0.0234,0.9875,-1.0
self_adaptive,16,0.4649,0.0367,0.5363,0.5363,0.4665,-0.4
self_adaptive,17,0.4054,0.1151,0.6056,0.6056,0.4074,9.9
self_adaptive,18,0.5884,0.1417,0.4353,0.4353,0.5922,10.8
self_adaptive,19,0.8373,0.0766,0.1798,0.1798,0.8373,4.4
self_adaptive,20,0.7838,-0.0490,0.2216,0.2216,0.7936,-4.7
fixed_mutation,1,0.6402,-0.0474,0.3629,0.3629,0.6518,-6.5
fixed_mutation,2,0.9742,0.0127,0.0287,0.0287,0.9762,0.6
fixed_mutation,3,0.6396,-0.1704,0.3986,0.3983,0.6851,-16.7
fixed_mutation,4,0.7811,-0.0213,0.2199,0.2199,0.7870,-2.7
fixed_mutation,5,0.4280,0.0724,0.5765,0.5765,0.4280,3.9
fixed_mutation,6,0.9564,-0.0369,0.0571,0.0571,0.9629,-2.4
fixed_mutation,7,0.8603,0.0317,0.1433,0.1433,0.8614,1.4
fixed_mutation,8,0.7728,0.0160,0.2278,0.2278,0.7750,-0.1
fixed_mutation,9,0.9051,0.0541,0.1093,0.1093,0.9053,3.0
fixed_mutation,10,0.4971,0.0990,0.5125,0.5125,0.4977,7.1
fixed_mutation,11,0.8530,0.0070,0.1472,0.1472,0.8557,-0.3
fixed_mutation,12,0.4720,0.0661,0.5321,0.5321,0.4721,3.2
fixed_mutation,13,0.4741,0.0257,0.5265,0.5265,0.4766,-1.6
fixed_mutation,14,0.4619,-0.1014,0.5476,0.5476,0.4945,-16.6
fixed_mutation,15,0.7953,0.1047,0.2299,0.2299,0.7959,6.4
fixed_mutation,16,0.9985,-0.0017,0.0023,0.0023,1.0015,-0.1
fixed_mutation,17,0.3887,0.0406,0.6127,0.6127,0.3902,-0.8
fixed_mutation,18,0.5561,0.0006,0.4439,0.4439,0.5610,-3.3
fixed_mutation,19,0.8764,-0.0405,0.1301,0.1301,0.8840,-3.2
fixed_mutation,20,0.8524,0.1059,0.1816,0.1816,0.8530,6.4
random_search,1,0.4012,-0.2533,0.6501,0.6501,0.5185,-35.0
random_search,2,0.4021,-0.0626,0.6011,0.6011,0.4250,-14.6
random_search,3,0.3412,-0.0918,0.6651,0.6651,0.3798,-21.8
random_search,4,0.4541,0.0949,0.5541,0.5541,0.4545,6.8
random_search,5,0.3970,0.0381,0.6042,0.6042,0.3987,-1.0
random_search,6,0.3886,0.0618,0.6145,0.6073,0.3888,2.3
random_search,7,0.3622,-0.0471,0.6396,0.6396,0.3822,-14.3
random_search,8,0.4496,0.0706,0.5549,0.5549,0.4496,3.7
random_search,9,0.4544,0.2705,0.6090,0.6090,0.4947,27.6
random_search,10,0.3965,-0.1195,0.6153,0.6153,0.4416,-21.8
random_search,11,0.4116,-0.0943,0.5959,0.5915,0.4451,-18.1
random_search,12,0.4753,0.2101,0.5653,0.5653,0.4941,20.2
random_search,13,0.4539,0.1052,0.5561,0.5561,0.4549,8.1
random_search,14,0.4438,0.2811,0.6232,0.6231,0.4894,29.2
random_search,15,0.3555,0.1067,0.6533,0.6469,0.3569,9.4
random_search,16,0.4002,0.0902,0.6065,0.6065,0.4005,6.5
random_search,17,0.4038,0.0945,0.6036,0.6036,0.4043,7.0
random_search,18,0.5066,-0.1024,0.5039,0.5039,0.5368,-15.0
random_search,19,0.4786,0.1255,0.5363,0.5363,0.4813,10.3
random_search,20,0.4966,0.3455,0.6106,0.6106,0.5655,32.9
